{"good_entity_rankings": [4.0, 2.6, 3.8, 2.0, 5.6, 3.2, 5.4, 3.2, 3.8, 3.6, 3.0, 3.6, 3.6, 4.8, 5.2, 5.4, 6.6, 4.0], "bad_entity_rankings": [13.0, 12.4, 9.2, 8.0, 3.2, 3.6, 8.4, 11.0, 5.2, 2.8, 4.2, 2.6, 2.2, 2.8, 2.2, 1.8, 2.0, 2.2], "AUC_mitigator": 69.39999999999999, "AUC_disinformer": 89.19999999999999}