{"good_fact_num_budget": 21, "bad_fact_num_budget": 21, "good_entity_degree": 47, "bad_entity_degree": 123, "head_degree": 162, "good_explanations_degree": {"head": 133.85714285714286, "tail": 75.95238095238095}, "bad_explanations_degree": {"head": 118.04761904761905, "tail": 104.38095238095238}}