{"good_fact_num_budget": 22, "bad_fact_num_budget": 22, "good_entity_degree": 47, "bad_entity_degree": 10, "head_degree": 270, "good_explanations_degree": {"head": 84.86363636363636, "tail": 239.77272727272728}, "bad_explanations_degree": {"head": 50.13636363636363, "tail": 250.77272727272728}}