{"good_entity_rankings": [4.0, 4.1, 4.1, 4.1, 4.0, 4.1, 4.1, 4.2, 4.1, 4.1, 3.8, 4.0, 4.5, 4.7, 4.5, 4.0, 3.8, 3.8, 4.1, 3.2, 4.7, 4.7, 4.1, 2.6], "bad_entity_rankings": [144.0, 55.4, 70.9, 77.3, 52.6, 42.6, 44.9, 27.0, 16.8, 12.4, 53.8, 12.9, 11.3, 5.3, 7.0, 7.7, 3.5, 3.8, 4.2, 5.3, 3.1, 3.7, 4.5, 3.0], "AUC_mitigator": 94.10000000000001, "AUC_disinformer": 599.5000000000001}