{"good_entity_rankings": [16.0, 10.0, 14.8, 16.4, 12.0, 16.0, 14.2, 13.4, 7.6, 6.8, 8.0, 7.2, 4.8, 5.6, 7.6, 6.2, 3.8, 2.0, 3.8, 3.6, 2.8, 2.6], "bad_entity_rankings": [7.0, 7.8, 6.2, 4.4, 4.8, 4.8, 4.8, 4.8, 5.2, 6.4, 3.8, 3.2, 3.4, 2.8, 2.8, 2.6, 2.4, 3.0, 1.6, 2.6, 1.0, 1.2], "AUC_mitigator": 175.89999999999998, "AUC_disinformer": 82.49999999999999}