{"good_entity_rankings": [21.0, 34.2, 8.6, 13.0, 8.4, 6.2, 10.2, 6.8, 8.4, 7.0, 8.2, 8.4, 5.6, 6.6, 6.2, 4.2, 3.0, 3.0, 3.0, 3.0, 3.8, 3.8, 5.0, 4.0], "bad_entity_rankings": [5.0, 8.6, 5.8, 3.6, 4.6, 3.8, 2.2, 3.0, 2.6, 1.8, 1.6, 1.4, 1.0, 1.2, 1.4, 1.0, 1.0, 1.0, 1.0, 1.0, 1.0, 1.0, 1.0, 1.0], "AUC_mitigator": 179.10000000000002, "AUC_disinformer": 53.599999999999994}