{"good_entity_rankings": [77.0, 84.0, 64.4, 73.1, 23.2, 20.6, 32.9, 39.5, 28.6, 31.8, 22.4, 18.4, 13.2, 12.4, 24.7, 18.6, 10.7, 8.0, 6.6, 6.4, 4.9, 5.3, 5.1, 5.0], "bad_entity_rankings": [6.0, 3.0, 3.0, 3.1, 3.0, 2.9, 3.1, 2.8, 3.4, 3.3, 2.4, 2.0, 3.1, 2.7, 2.5, 3.5, 3.1, 3.4, 2.8, 2.9, 3.3, 3.5, 3.6, 4.0], "AUC_mitigator": 595.8000000000001, "AUC_disinformer": 71.39999999999999}