{"good_entity_rankings": [13.0, 5.3, 1.3, 1.0, 1.9, 1.7, 1.7, 1.5, 3.0, 1.5, 1.5, 1.9, 2.6, 1.1, 3.0, 2.6, 3.0, 2.0, 2.9, 2.8], "bad_entity_rankings": [10.0, 9.2, 7.3, 6.5, 6.8, 5.1, 5.5, 6.1, 3.8, 4.2, 4.9, 3.6, 5.6, 4.1, 3.5, 2.6, 3.8, 3.9, 2.2, 2.3], "AUC_mitigator": 47.400000000000006, "AUC_disinformer": 94.84999999999998}