{"good_fact_num_budget": 21, "bad_fact_num_budget": 21, "good_entity_degree": 50, "bad_entity_degree": 71, "head_degree": 137, "good_explanations_degree": {"head": 100.61904761904762, "tail": 86.23809523809524}, "bad_explanations_degree": {"head": 99.47619047619048, "tail": 98.04761904761905}}