{"good_entity_rankings": [6.0, 5.5, 4.6, 2.3, 1.9, 1.7, 1.9, 1.4, 1.9, 1.9, 1.9, 1.9, 1.9, 1.9, 1.9, 1.9, 1.9, 1.9, 1.9, 1.9, 1.9, 1.9, 1.9, 1.9, 1.9, 1.9], "bad_entity_rankings": [13.0, 19.4, 19.3, 14.9, 10.3, 8.6, 10.9, 8.3, 4.8, 4.8, 4.8, 4.8, 4.8, 4.8, 4.8, 4.8, 4.8, 4.8, 4.8, 4.8, 4.8, 4.8, 4.8, 4.8, 4.8, 4.8], "AUC_mitigator": 55.54999999999999, "AUC_disinformer": 182.20000000000005}