{"AUC_mitigator": 22.272727272727273, "AUC_disinformer": 73.50000000000001}