{"AUC_mitigator": 178.77272727272728, "AUC_disinformer": 60.090909090909086}