{"good_entity_rankings": [11.0, 6.4, 28.4, 8.4, 5.8, 7.0, 10.4, 5.6, 8.6, 10.0, 15.4, 5.8, 8.2, 6.8, 5.6], "bad_entity_rankings": [4.0, 5.0, 8.8, 3.0, 2.2, 3.2, 1.6, 1.4, 1.2, 3.2, 2.0, 3.0, 2.0, 2.0, 1.0], "AUC_mitigator": 135.09999999999997, "AUC_disinformer": 41.099999999999994}