{"good_fact_num_budget": 23, "bad_fact_num_budget": 23, "good_entity_degree": 62, "bad_entity_degree": 123, "head_degree": 165, "good_explanations_degree": {"head": 121.04347826086956, "tail": 90.21739130434783}, "bad_explanations_degree": {"head": 115.56521739130434, "tail": 113.04347826086956}}