{"good_entity_rankings": [16.0, 11.3, 10.0, 11.0, 14.2, 10.7, 7.5, 6.6, 5.7, 4.7, 4.7, 4.7, 4.7, 4.7, 4.7, 4.7, 4.7, 4.7, 4.7, 4.7, 4.7, 4.7, 4.7, 4.7, 4.7, 4.7], "bad_entity_rankings": [11.0, 3.1, 3.0, 2.6, 4.4, 7.2, 6.3, 3.5, 2.6, 3.9, 3.9, 3.9, 3.9, 3.9, 3.9, 3.9, 3.9, 3.9, 3.9, 3.9, 3.9, 3.9, 3.9, 3.9, 3.9, 3.9], "AUC_mitigator": 162.54999999999998, "AUC_disinformer": 102.55000000000001}