{"good_entity_rankings": [379.0, 197.66666666666666, 290.3333333333333, 270.6666666666667, 280.6666666666667, 491.6666666666667, 441.6666666666667, 360.6666666666667], "bad_entity_rankings": [434.0, 96.33333333333333, 129.0, 130.66666666666666, 125.0, 110.66666666666667, 119.0, 118.66666666666667], "AUC_mitigator": 2342.5, "AUC_disinformer": 987.0000000000001}