{"good_entity_rankings": [89.0, 80.7, 28.8, 17.8, 16.3, 25.5, 9.0, 8.8, 5.2, 4.4, 4.0, 2.3, 2.1, 2.4, 2.0, 2.3, 2.2, 1.7, 1.1, 1.2, 1.1, 1.0], "bad_entity_rankings": [10.0, 5.0, 3.8, 4.1, 3.0, 4.0, 3.6, 3.1, 4.3, 3.4, 3.7, 4.8, 4.3, 3.8, 4.1, 3.8, 3.9, 4.3, 4.0, 4.1, 4.1, 3.9], "AUC_mitigator": 263.8999999999999, "AUC_disinformer": 86.14999999999999}