{"good_entity_rankings": [4.0, 4.1, 4.1, 4.1, 4.0, 4.0, 4.1, 4.4, 4.1, 4.1, 3.9, 4.1, 4.5, 3.9, 4.5, 3.9, 4.0, 3.9, 4.3, 3.3, 4.3, 4.3, 4.2, 3.2], "bad_entity_rankings": [144.0, 55.4, 70.9, 75.7, 54.0, 41.3, 41.1, 27.5, 15.8, 16.1, 56.1, 11.5, 11.7, 5.5, 6.8, 7.7, 3.6, 4.1, 4.1, 5.9, 3.5, 4.4, 4.3, 2.7], "AUC_mitigator": 93.69999999999999, "AUC_disinformer": 600.3500000000003}