{"good_entity_rankings": [15.0, 12.8, 9.6, 11.6, 13.4, 9.6, 7.6, 7.8, 7.6, 7.4, 10.8, 11.4, 9.8, 7.4, 7.2, 6.6, 7.2, 7.8, 7.0, 9.4, 9.6], "bad_entity_rankings": [8.0, 7.2, 9.6, 6.4, 2.6, 1.8, 2.4, 1.2, 3.4, 2.6, 1.6, 1.0, 1.0, 1.0, 2.0, 1.0, 1.2, 1.0, 1.0, 1.0, 1.0], "AUC_mitigator": 184.29999999999998, "AUC_disinformer": 53.50000000000001}