{"good_entity_rankings": [4.0, 4.0, 5.0, 7.0, 5.2, 6.4, 6.0, 7.0, 6.0, 6.2, 5.6, 5.6, 7.0, 5.0, 8.4, 5.8, 5.8, 6.4, 6.8, 6.8, 7.8, 9.2, 6.2], "bad_entity_rankings": [16.0, 10.4, 10.8, 13.4, 10.8, 11.8, 9.0, 11.4, 13.4, 8.2, 9.4, 8.8, 8.0, 9.4, 10.4, 10.2, 8.6, 10.8, 9.2, 9.8, 8.2, 11.0, 8.6], "AUC_mitigator": 138.09999999999997, "AUC_disinformer": 225.29999999999998}