{"good_entity_rankings": [10.0, 15.2, 14.6, 36.6, 24.0, 18.0, 13.8, 25.2, 15.4, 15.8, 13.8, 16.6, 16.4, 8.0, 14.2, 7.2, 6.8, 7.8, 6.4, 5.4, 3.4, 1.0, 1.0], "bad_entity_rankings": [13.0, 11.4, 7.0, 21.6, 7.6, 8.6, 8.8, 5.0, 5.0, 4.6, 6.2, 3.6, 5.4, 4.6, 4.6, 4.0, 4.0, 3.6, 3.4, 3.2, 3.2, 3.2, 3.2], "AUC_mitigator": 291.09999999999997, "AUC_disinformer": 136.69999999999996}