{"good_entity_rankings": [4.0, 4.0, 4.0, 4.0, 4.0, 3.8, 4.2, 3.6, 3.8, 3.4, 3.0, 3.2, 3.0, 3.6, 4.0, 3.4, 4.0, 2.8, 4.2, 3.6, 4.0, 4.6, 4.8, 2.8, 4.8], "bad_entity_rankings": [90.0, 95.6, 72.0, 71.0, 39.2, 23.2, 12.4, 17.0, 10.8, 15.0, 11.0, 11.4, 6.8, 5.0, 4.8, 4.8, 3.6, 4.0, 4.8, 3.6, 4.6, 3.4, 2.6, 3.0, 3.4], "AUC_mitigator": 90.19999999999999, "AUC_disinformer": 476.29999999999995}