{"good_entity_rankings": [63.0, 30.7, 46.0, 41.9, 24.6, 44.0, 37.6, 50.5, 38.8, 38.8, 38.8, 38.8, 38.8, 38.8, 38.8, 38.8, 38.8, 38.8, 38.8, 38.8, 38.8, 38.8, 38.8, 38.8, 38.8, 38.8], "bad_entity_rankings": [26.0, 47.8, 26.1, 14.4, 17.5, 27.8, 21.9, 10.2, 13.4, 13.4, 13.4, 13.4, 13.4, 13.4, 13.4, 13.4, 13.4, 13.4, 13.4, 13.4, 13.4, 13.4, 13.4, 13.4, 13.4, 13.4], "AUC_mitigator": 985.7999999999998, "AUC_disinformer": 413.19999999999993}