{"good_entity_rankings": [16.0, 3.1, 2.5, 3.3, 3.4, 4.1, 3.7, 3.0, 3.5, 4.4, 4.4, 4.4, 4.4, 4.4, 4.4, 4.4, 4.4, 4.4, 4.4, 4.4, 4.4, 4.4, 4.4, 4.4, 4.4, 4.4], "bad_entity_rankings": [11.0, 10.0, 8.3, 7.6, 7.4, 8.1, 8.8, 5.6, 3.9, 4.3, 4.3, 4.3, 4.3, 4.3, 4.3, 4.3, 4.3, 4.3, 4.3, 4.3, 4.3, 4.3, 4.3, 4.3, 4.3, 4.3], "AUC_mitigator": 107.20000000000002, "AUC_disinformer": 136.15000000000003}