{"good_entity_rankings": [77.0, 64.8, 38.9, 45.1, 3.2, 3.3, 3.6, 3.7, 3.3, 3.8, 3.5, 3.8, 3.6, 4.2, 4.7, 4.8, 4.9, 4.8, 4.9, 5.2, 5.0, 5.0, 5.0, 5.1], "bad_entity_rankings": [6.0, 5.7, 5.2, 4.8, 5.1, 3.9, 4.1, 3.7, 5.2, 3.5, 3.6, 3.3, 3.5, 5.0, 3.5, 3.9, 4.1, 4.2, 3.7, 3.2, 3.4, 3.1, 3.9, 3.5], "AUC_mitigator": 270.15000000000003, "AUC_disinformer": 94.35000000000001}