{"good_entity_rankings": [16.0, 11.1, 10.3, 11.9, 12.9, 11.4, 8.3, 4.6, 4.9, 4.3, 4.3, 4.3, 4.3, 4.3, 4.3, 4.3, 4.3, 4.3, 4.3, 4.3, 4.3, 4.3, 4.3, 4.3, 4.3, 4.3], "bad_entity_rankings": [11.0, 9.7, 8.6, 8.4, 8.1, 9.0, 9.4, 6.0, 3.8, 4.4, 4.4, 4.4, 4.4, 4.4, 4.4, 4.4, 4.4, 4.4, 4.4, 4.4, 4.4, 4.4, 4.4, 4.4, 4.4, 4.4], "AUC_mitigator": 154.35000000000002, "AUC_disinformer": 141.10000000000002}