{"good_entity_rankings": [40.0, 42.7, 38.1, 27.8, 25.0, 31.1, 33.0, 41.4, 29.2, 42.1, 42.1, 42.1, 42.1, 42.1, 42.1, 42.1, 42.1, 42.1, 42.1, 42.1, 42.1, 42.1, 42.1, 42.1, 42.1, 42.1], "bad_entity_rankings": [13.0, 6.7, 9.1, 18.8, 8.0, 8.5, 3.9, 4.0, 2.0, 2.3, 2.3, 2.3, 2.3, 2.3, 2.3, 2.3, 2.3, 2.3, 2.3, 2.3, 2.3, 2.3, 2.3, 2.3, 2.3, 2.3], "AUC_mitigator": 982.9499999999999, "AUC_disinformer": 105.44999999999999}