{"good_entity_rankings": [379.0, 171.0, 168.66666666666666, 293.3333333333333, 280.0, 481.0, 378.6666666666667, 329.0], "bad_entity_rankings": [434.0, 183.66666666666666, 105.33333333333333, 110.33333333333333, 108.33333333333333, 96.0, 94.33333333333333, 104.66666666666667], "AUC_mitigator": 2126.666666666667, "AUC_disinformer": 967.3333333333333}