{"good_fact_num_budget": 21, "bad_fact_num_budget": 21, "good_entity_degree": 53, "bad_entity_degree": 108, "head_degree": 144, "good_explanations_degree": {"head": 91.47619047619048, "tail": 95.95238095238095}, "bad_explanations_degree": {"head": 109.57142857142857, "tail": 102.76190476190476}}