{"good_entity_rankings": [4.0, 4.0, 5.0, 6.6, 6.8, 6.8, 5.0, 6.0, 5.6, 6.2, 5.0, 5.2, 7.2, 6.4, 5.8, 6.2, 5.4, 5.4, 6.4, 6.6, 6.4, 8.8, 6.8], "bad_entity_rankings": [16.0, 11.0, 12.4, 15.2, 15.4, 14.0, 11.8, 12.8, 16.4, 11.8, 11.0, 9.8, 12.0, 11.6, 10.6, 10.6, 10.6, 14.4, 11.4, 10.0, 9.2, 11.2, 8.8], "AUC_mitigator": 132.20000000000002, "AUC_disinformer": 265.59999999999997}