{"good_fact_num_budget": 24, "bad_fact_num_budget": 24, "good_entity_degree": 127, "bad_entity_degree": 41, "head_degree": 172, "good_explanations_degree": {"head": 121.625, "tail": 134.66666666666666}, "bad_explanations_degree": {"head": 145.79166666666666, "tail": 95.41666666666667}}