{"good_entity_rankings": [4.0, 5.0, 5.0, 5.8, 5.0, 4.0, 4.0, 4.0, 4.8, 4.8, 4.0, 5.0, 5.0, 5.0, 5.0, 4.7, 4.8, 4.8, 4.9, 3.6, 4.8, 4.7, 4.8, 2.8], "bad_entity_rankings": [144.0, 4.0, 4.0, 4.0, 3.2, 3.0, 3.0, 2.7, 2.4, 2.4, 3.1, 2.5, 3.6, 1.8, 3.6, 4.2, 2.1, 2.6, 3.5, 4.9, 2.4, 2.9, 3.7, 2.6], "AUC_mitigator": 106.89999999999999, "AUC_disinformer": 142.90000000000003}