{"good_fact_num_budget": 23, "bad_fact_num_budget": 23, "good_entity_degree": 127, "bad_entity_degree": 41, "head_degree": 172, "good_explanations_degree": {"head": 134.82608695652175, "tail": 125.65217391304348}, "bad_explanations_degree": {"head": 147.95652173913044, "tail": 89.30434782608695}}