{"good_entity_rankings": [21.0, 21.0, 9.0, 10.8, 9.8, 16.4, 15.8, 10.6, 14.2, 12.0, 13.4, 12.8, 9.2, 7.8, 7.8, 8.2, 7.2, 8.4, 7.0, 7.4, 7.6, 7.2, 6.2, 4.0], "bad_entity_rankings": [5.0, 7.2, 5.2, 4.0, 4.0, 3.6, 3.2, 3.4, 3.2, 2.2, 1.8, 1.8, 1.0, 1.4, 1.4, 1.0, 1.0, 1.0, 1.0, 1.0, 1.0, 1.0, 1.0, 1.0], "AUC_mitigator": 242.29999999999995, "AUC_disinformer": 54.400000000000006}