{"good_entity_rankings": [49.0, 33.7, 52.3, 35.8, 56.2, 43.7, 48.3, 46.5, 47.8, 47.8, 47.8, 47.8, 47.8, 47.8, 47.8, 47.8, 47.8, 47.8, 47.8, 47.8, 47.8, 47.8, 47.8, 47.8, 47.8, 47.8], "bad_entity_rankings": [7.0, 5.2, 3.5, 2.2, 1.6, 1.6, 1.4, 1.1, 1.0, 1.0, 1.0, 1.0, 1.0, 1.0, 1.0, 1.0, 1.0, 1.0, 1.0, 1.0, 1.0, 1.0, 1.0, 1.0, 1.0, 1.0], "AUC_mitigator": 1177.4999999999998, "AUC_disinformer": 37.599999999999994}