{"good_entity_rankings": [11.0, 6.2, 19.0, 8.6, 5.4, 5.2, 7.2, 6.6, 7.2, 7.4, 8.0, 7.6, 8.6, 8.0, 6.0], "bad_entity_rankings": [4.0, 6.2, 11.6, 4.0, 4.0, 6.6, 5.8, 2.2, 2.8, 4.2, 6.0, 4.4, 2.0, 1.0, 1.0], "AUC_mitigator": 113.49999999999999, "AUC_disinformer": 63.300000000000004}