{"AUC_mitigator": 197.72727272727275, "AUC_disinformer": 28.68181818181818}