{"good_entity_rankings": [10.0, 15.2, 8.0, 8.0, 7.2, 5.6, 6.2, 5.8, 5.0, 4.4, 3.4, 3.2, 3.0, 3.4, 3.6, 2.2, 1.8, 2.2, 2.4, 2.2, 1.2, 1.0, 1.0], "bad_entity_rankings": [12.0, 11.6, 6.4, 14.8, 12.0, 5.6, 2.8, 2.8, 3.2, 3.2, 3.4, 3.2, 3.6, 3.6, 3.6, 3.8, 4.0, 3.0, 3.6, 2.0, 3.0, 2.6, 2.4], "AUC_mitigator": 100.49999999999999, "AUC_disinformer": 108.99999999999999}