{"good_entity_rankings": [63.0, 35.7, 48.0, 39.7, 32.7, 50.2, 41.6, 58.0, 38.7, 38.7, 38.7, 38.7, 38.7, 38.7, 38.7, 38.7, 38.7, 38.7, 38.7, 38.7, 38.7, 38.7, 38.7, 38.7, 38.7, 38.7], "bad_entity_rankings": [26.0, 47.4, 25.7, 15.9, 22.3, 32.5, 19.6, 11.4, 13.1, 13.1, 13.1, 13.1, 13.1, 13.1, 13.1, 13.1, 13.1, 13.1, 13.1, 13.1, 13.1, 13.1, 13.1, 13.1, 13.1, 13.1], "AUC_mitigator": 1014.6500000000001, "AUC_disinformer": 417.05000000000007}