{"good_fact_num_budget": 23, "bad_fact_num_budget": 23, "good_entity_degree": 50, "bad_entity_degree": 71, "head_degree": 137, "good_explanations_degree": {"head": 106.26086956521739, "tail": 87.21739130434783}, "bad_explanations_degree": {"head": 99.47826086956522, "tail": 98.34782608695652}}