{"good_entity_rankings": [10.0, 15.2, 13.8, 12.2, 13.2, 10.6, 8.2, 3.0, 3.0, 4.0, 3.2, 3.4, 3.4, 3.2, 3.6, 3.2, 3.0, 3.2, 2.4, 2.0, 2.6, 1.0, 1.0], "bad_entity_rankings": [12.0, 10.2, 5.8, 15.4, 7.6, 7.0, 8.2, 5.6, 5.8, 5.8, 6.6, 4.4, 5.0, 5.8, 5.2, 5.0, 4.8, 4.2, 4.4, 3.2, 3.6, 3.0, 2.4], "AUC_mitigator": 122.89999999999998, "AUC_disinformer": 133.79999999999998}