{"good_fact_num_budget": 22, "bad_fact_num_budget": 22, "good_entity_degree": 47, "bad_entity_degree": 123, "head_degree": 162, "good_explanations_degree": {"head": 124.68181818181819, "tail": 85.95454545454545}, "bad_explanations_degre": {"head": 115.04545454545455, "tail": 107.72727272727273}}