{"good_entity_rankings": [16.0, 12.6, 10.8, 15.4, 15.1, 4.3, 3.2, 2.2, 3.4, 4.7, 4.7, 4.7, 4.7, 4.7, 4.7, 4.7, 4.7, 4.7, 4.7, 4.7, 4.7, 4.7, 4.7, 4.7, 4.7, 4.7], "bad_entity_rankings": [11.0, 9.1, 8.4, 8.8, 7.2, 8.3, 9.1, 6.2, 3.9, 4.1, 4.1, 4.1, 4.1, 4.1, 4.1, 4.1, 4.1, 4.1, 4.1, 4.1, 4.1, 4.1, 4.1, 4.1, 4.1, 4.1], "AUC_mitigator": 152.54999999999998, "AUC_disinformer": 134.14999999999998}