{"good_entity_rankings": [113.0, 123.0, 177.2, 150.6, 156.6, 124.6, 130.0, 159.4, 136.6, 147.2, 125.0, 130.2], "bad_entity_rankings": [6.0, 11.2, 6.2, 20.2, 23.4, 19.2, 26.6, 27.2, 31.8, 31.6, 34.6, 33.8], "AUC_mitigator": 1551.7999999999997, "AUC_disinformer": 251.89999999999998}