{"good_entity_rankings": [379.0, 327.3333333333333, 368.0, 435.6666666666667, 290.3333333333333, 542.6666666666666, 434.3333333333333, 350.3333333333333], "bad_entity_rankings": [434.0, 181.66666666666666, 199.33333333333334, 197.66666666666666, 130.66666666666666, 115.33333333333333, 117.33333333333333, 122.33333333333333], "AUC_mitigator": 2763.0, "AUC_disinformer": 1220.1666666666665}