{"good_fact_num_budget": 19, "bad_fact_num_budget": 19, "good_entity_degree": 53, "bad_entity_degree": 108, "head_degree": 144, "good_explanations_degree": {"head": 94.73684210526316, "tail": 91.15789473684211}, "bad_explanations_degree": {"head": 110.3157894736842, "tail": 110.3157894736842}}